"weight";"word";"color";"url"
"8";"component-based";"";""
"7";"architecture";"";""
"6";"software";"";""
"6";"specification";"";""
"4";"autonomous";"";""
"4";"controllers";"";""
"4";"development";"";""
"4";"process";"";""
"4";"safety";"";""
"4";"separation of concerns";"";""
"4";"systems";"";""
"4";"variability";"";""
"3";"behaviour";"";""
"3";"components";"";""
"3";"non-functional requirements";"";""
"3";"requirements";"";""
"3";"run-time";"";""
"3";"simulation";"";""
"3";"visual";"";""
"2";"analysis";"";""
"2";"behavior";"";""
"2";"code";"";""
"2";"composition";"";""
"2";"controller";"";""
"2";"decision";"";""
"2";"design";"";""
"2";"engineering";"";""
"2";"executable models";"";""
"2";"functional";"";""
"2";"generators";"";""
"2";"generic";"";""
"2";"high-level";"";""
"2";"making";"";""
"2";"mission";"";""
"2";"missions";"";""
"2";"monitoring";"";""
"2";"multiple";"";""
"2";"performance";"";""
"2";"Platform-independent";"";""
"2";"reconfiguration";"";""
"2";"reuse";"";""
"2";"runtime";"";""
"2";"scenario-based";"";""
"2";"self-adaptive";"";""
"2";"service-oriented";"";""
"2";"software-Product-Line";"";""
"2";"task-based mission";"";""
"2";"validation";"";""
"2";"verification";"";""
"1";"abstraction";"";""
"1";"actuation";"";""
"1";"adaptive";"";""
"1";"analysis";"";""
"1";"aspect-oriented";"";""
"1";"assessment";"";""
"1";"behavioural";"";""
"1";"certification";"";""
"1";"codesign";"";""
"1";"component-based";"";""
"1";"constraints";"";""
"1";"context-aware";"";""
"1";"cooperative robots";"";""
"1";"coordination";"";""
"1";"deployment";"";""
"1";"design space exploration";"";""
"1";"developing";"";""
"1";"differential";"";""
"1";"distributed";"";""
"1";"dynamic";"";""
"1";"environments";"";""
"1";"formal specification";"";""
"1";"global properties";"";""
"1";"guarantees";"";""
"1";"guidelines";"";""
"1";"heterogeneous";"";""
"1";"hierarchical";"";""
"1";"independence";"";""
"1";"integration";"";""
"1";"machines";"";""
"1";"method";"";""
"1";"middleware";"";""
"1";"modularization";"";""
"1";"multi-agent";"";""
"1";"multi-jointed";"";""
"1";"multi-level";"";""
"1";"OMG";"";""
"1";"ontologies";"";""
"1";"planning";"";""
"1";"properties";"";""
"1";"prototyping";"";""
"1";"purposes";"";""
"1";"real-time";"";""
"1";"reliability";"";""
"1";"scheduling";"";""
"1";"security";"";""
"1";"self-adaptation";"";""
"1";"sensing";"";""
"1";"simulating";"";""
"1";"space";"";""
"1";"standards";"";""
"1";"subsystems";"";""
"1";"swarm";"";""
"1";"synchronize";"";""
"1";"systematic";"";""
"1";"tasks";"";""
"1";"testing";"";""
"1";"traces";"";""
"1";"UML-based";"";""
"1";"uncertainty";"";""
"1";"units of measure";"";""
